AAPL,17337340000
MSFT,7514891248
GOOG,666754904
GOOGL,666754904
AMZN,506440520
FB,2819444501
TSLA,990015158
TSM,5186076000
NVDA,2500000000
V,2126817068
JPM,2988200000
JNJ,2632482092
BABA,2710913650
WMT,2802145927
UNH,942917366
BAC,8627252552
MA,986775042
PG,2427424874
HD,1055358696
ASML,409776831
DIS,1817126595
PYPL,1175032150
ADBE,476400000
CMCSA,4589737229
PFE,5606688356
CRM,971529086
NKE,1583098049
LLY,956580893
CSCO,4221785547
ORCL,2792000000
NFLX,442595888
KO,4316618703
TM,1393264795
NVO,2291502114
XOM,4233562917
VZ,4140116007
DHR,713899565
ABT,1772817349
INTC,4057000000
TMO,393418899
PEP,1382114956
ABBV,1767175532
ACN,634136634
NVS,2236739037
WFC,4106410513
AVGO,410260560
COST,442069091
T,7140000000
MRK,2531374696
SHOP,124788723
MS,1824561070
CVX,1933911944
AZN,3098232698
MDT,1344671106
MCD,746798875
TMUS,1247966318
SAP,1179579340
TXN,923209971
SE,537909531
UPS,871042255
BHP,2528500000
NEE,1961756997
CHTR,204899177
LIN,516411320
QCOM,1128000000
MRNA,403646312
HON,690399265
PM,1558540992
BBL,2528500000
INTU,273259266
RY,1424719142
BMY,2222113553
C,2026785183
UL,2597936042
UNP,652122933
LOW,699000000
HDB,1845435258
BLK,152195794
GS,337097488
SCHW,1888002576
SBUX,1179100000
AXP,794433076
AMD,1212965282
BA,586151904
SNY,2510366030
RTX,1507878091
AMT,455141279
SONY,1239708513
AMGN,567852353
IBM,896320073
NOW,198100000
ISRG,118990744
TD,1818700000
EL,362511874
SQ,459697951
TGT,489651196
AMAT,913980756
RIO,1619086929
BUD,1979728543
PDD,1253288801
JD,1552156000
DE,311942092
SNAP,1581105555
CAT,547471467
TTE,2640255324
GE,1097662889
MMM,578638253
HSBC,4085237653
DEO,583660596
JBHT,631175870
CVS,1319574744
SPGI,241000000
ZM,297074913
GSK,2515857461
SYK,377096272
INFY,4241736856
LMT,276916491
ZTS,473944193
PLD,739251000
VALE,5009084094
BKNG,41059841
ABNB,596399007
MELI,49711650
ANTM,243815480
MO,1844077897
BNTX,242516955
TEAM,251917414
GILD,1253809440
TJX,1206487186
BAM,1568227710
SNOW,296100000
ADP,423080556
BX,715329621
MDLZ,1397817443
USB,1482622714
BTI,2294630989
LRCX,141953681
BP,3361731643
CCI,432196350
PNC,424993233
MU,1125753560
CB,438740033
DUK,769337598
HCA,320141900
FIS,617690708
ENB,2025755195
SHW,263302451
MMC,506625935
UBER,1884346863
FISV,662204715
COF,446113769
DELL,763690159
BNS,1215127000
CNI,707900000
TFC,1334830560
TECH,155566652
CSX,2254495910
ABB,2006000000
COP,1339082083
ILMN,156500000
PTR,1830209778
EQIX,89750207
EW,623327843
ITW,314967814
CME,359138270
FDX,266190927
REGN,106955379
PBR,6522100630
CI,340107539
BDX,287190180
GM,1451723812
MUFG,12833926067
ADSK,220013315
MCO,186200000
SO,1058825814
WBK,3665390264
EQNR,3244549473
ETN,398600000
BMO,648094938
VMW,418857481
ICE,563155196
SAN,17312526720
IBN,3465167054
CL,843513490
WM,421098975
NIO,1638518109
NSC,246972217
DASH,337936424
ECL,286087223
BSX,1423852648
ATVI,777708445
AON,225747147
TWLO,177149747
STLA,3131572425
D,808487324
EMR,597800000
CRWD,225810618
CVNA,172583094
ADI,368214341
AMX,3305000000
WDAY,247000000
NTES,670980678
AMOV,3305000000
APD,221364660
BSBR,7465151611
UBS,3476545714
DOCU,194835125
NXPI,265134880
RELX,1933790077
NOC,160109103
IDXX,85075932
ITUB,9779887151
TRI,495851072
ALGN,79136575
PGR,585300000
PSA,175228245
GD,279541414
PUK,1307806380
LULU,135358283
CPNG,1735585234
BIDU,348058675
SNP,1210712096
CMG,28094868
ING,3903300000
COIN,210928941
CM,449093126
MET,856897461
RACE,247686725
JCI,712224244
TAK,3145059016
VRTX,259428394
A,303443225
F,3994764392
HUM,128504664
MRVL,819500000
DG,236205490
FCX,1468064383
MSCI,82442291
RBLX,575152226
HMC,1726770933
MNST,528885811
BIIB,149033443
ABEV,15737161133
KLAC,152737157
TWTR,797966577
DXCM,96748901
FTNT,163320200
VEEV,152919268
ROP,105423844
CARR,867701396
TROW,226936886
SNPS,152502754
IQV,191612337
TEL,327996918
KDP,1417476953
WIT,5460619831
ROKU,133451407
EBAY,650055805
EPD,2185381669
BK,863173678
DOW,745771788
GPN,293748093
BBD,10690987529
SCCO,773081269
EXC,977832660
SMFG,6852478990
CP,666847886
VOD,2767780784
LFC,5652941000
INFO,398612292
TT,237608703
AIG,861525734
PLTR,1880077109
LHX,200943675
NGG,723377864
BCE,905742549
TRP,979000000
KMB,336762087
NEM,799126123
APH,598185235
KHC,1223387136
DLR,282593428
AEP,500251339
MAR,325656362
BBVA,6667886580
CDNS,276780000
PANW,97300000
BCS,4234268060
SPG,328619163
SPOT,191356012
E,1786274825
ROST,357120667
LYG,17744636156
APTV,270507574
SRE,319328331
DDOG,310015899
HOOD,855443348
MCHP,274040171
WBA,864987306
DIDI,4823241476
ORLY,68951739
CRH,779121310
RMD,145681186
PRU,386000000
STZ,192086335
BBDO,10690987529
MSI,169324600
PAYX,359830185
PHG,912734052
ALL,295681408
CTSH,528000000
SYY,511832305
EA,284581807
OKTA,153049361
TRV,249492900
CTAS,102967245
ERIC,3334000000
SLB,1398433008
ALC,490000000
EOG,583860156
DFS,299468440
PH,129055945
NET,319988800
RSG,318364854
YUM,295646558
DD,523056692
OTIS,426778666
STM,902769945
MFC,1942128040
TTD,478675782
PPG,237091179
SBAC,109553452
CNQ,1180683000
MTCH,276810727
AFL,670741349
XLNX,247468170
IFF,249064711
KKR,583030973
CHWY,415417176
MPC,638202178
CNC,583043563
KMI,2264582583
ROK,116025722
PINS,644628826
BAX,499910255
ZS,136987021
XEL,538436651
PXD,243959045
WELL,422562838
HSY,206039544
MFG,12676660390
MTD,23116939
XPEV,855740963
LCID,1618621534
PTON,298293273
NUE,293694534
U,282518597
FRC,176759527
HLT,278686003
HPQ,1201255498
GOLD,1779242406
GIS,606277260
GLW,854032129
EPAM,56630464
NWG,5767339448
DHI,358194436
MT,1005547833
NTR,570688867
AZO,21544752
LYB,334515368
CMI,143607162
NOK,5629331000
LBRDK,181821462
CPRT,236578498
KR,747238079
LVS,763989752
LEN,312315981
SIVB,58663504
ADM,559366478
WCN,260517909
LBRDA,181821462
TDG,55112432
CSGP,394935500
ODFL,115810083
GRMN,192321863
WST,73979087
AWK,181495720
CTVA,734185000
PATH,508830972
HUBS,47005359
PEG,505577072
KEYS,184225986
EFX,121837277
NDAQ,167203842
VRSK,161350469
ANSS,87252523
CBRE,335736404
FAST,574739393
STT,343503114
LI,1025922855
SWK,162962070
AME,231205619
ZBH,208840496
SGEN,181934500
FERG,222308366
PSX,437989408
TU,1361000000
AVB,139616764
ARE,152362999
GMAB,653818780
W,103900332
EQR,374457337
AMP,113745937
ZBRA,53402967
ES,343643255
BLL,326610304
CHT,775744700
MCK,154674571
FMX,357822627
ORAN,2659263684
LUV,591644557
SLF,585665391
BBY,250472993
VFC,392638627
SWKS,165144931
WMB,1214958829
BILI,382915439
WEC,315434531
AJG,206750000
VIACA,646521009
SYF,569699116
PAYC,60094394
LH,96400000
MPLX,1025624328
ANET,76716633
TEF,5638053507
TSN,364826080
PCAR,347173392
EC,2055834734
CCL,1157957066
APP,372349835
WLTW,129041742
SU,1484504179
O,389388286
MXIM,268566248
ALB,116949867
UMC,2463600000
FNV,191105644
CDW,137495464
FITB,690718273
VLO,408823430
GNRC,63120689
XP,559058965
BGNE,93159001
ETSY,126576797
KSU,90964664
DAL,639914878
FTV,358390903
WY,749784000
ED,353381808
CCEP,455873238
VIAC,646521009
DB,2063733303
CS,2411268384
CUK,1158637466
IT,83648748
ET,2704869892
MDB,64640090
YUMC,420884516
ZG,253556163
Z,253556163
URI,72390139
SIRI,4050435824
RCI,504925318
DOV,143960933
VMC,132678269
SPLK,163917375
NTRS,208394779
WAT,61363399
HZNP,225893375
RYAAY,225717005
CAJ,1045774615
ALNY,118847693
EXR,133807322
YNDX,350074420
HRL,542074906
ABC,207787116
XYL,180162994
RPRX,607172253
BEKE,1190897645
MLM,62377334
MGA,300655552
DKNG,403421764
ZI,391729316
OKE,445660920
ENPH,134621196
VRSN,111874436
TRMB,251619889
HIG,347185658
BIO,29772555
RNG,91510009
DTE,193751554
INVH,576485342
FMS,585958968
IP,390834614
HBAN,1476557426
AVTR,584163209
DISH,527889245
TDOC,159248228
TLK,990622166
OXY,933734637
SUI,115903246
XM,514620585
ETR,200954557
IX,242053644
TRU,191500000
MKC,267270159
CERN,295585810
PPL,769605825
LNG,253606918
GWW,52074363
CNHI,1354242505
AEE,257147162
MPWR,45920000
DLTR,231953872
AMC,513330240
EXPE,150819802
EIX,379704799
CTLT,170341553
COO,49247946
CRL,50396622
TSCO,114338347
LU,2462301120
ZTO,827002948
ULTA,54757556
MAA,114919922
DISCB,505745608
K,340878954
FLT,82604105
CZR,213429619
STE,99758941
FTS,471200000
HES,309672952
FOXA,574785341
BURL,66580160
TDY,46606641
GIB,245442198
RCL,254694208
VTR,380352586
FE,544193637
IR,405260488
EXPD,169891158
PODD,68873869
KMX,162935057
ESS,65034811
AGR,387204556
QRVO,111141526
PKX,302502288
BILL,93394104
PKI,112114149
MGM,481880377
TW,232775149
HPE,1305927541
CLX,122813075
CHD,245543207
GRUB,1060606000
CINF,161182879
QSR,308449738
ICLR,79686165
RF,954539307
KEY,956370102
DVN,677000000
BR,116168325
AMCR,1538319792
FOX,574785341
DRI,130762723
CQP,484024123
WPM,450271489
HOLX,253487389
WMG,514382822
STX,227603061
NTAP,224014890
TER,164973199
TYL,40843408
WDC,306452886
PAGS,329224825
SSNC,255256954
POOL,40100826
AFRM,265093299
ASX,2154995691
DT,284286347
RJF,137192121
ON,430532211
BSY,281670098
ALLY,360541736
PEAK,538968372
CFG,426083147
UI,62814126
DPZ,36854211
LYV,218990083
DLO,292915765
DRE,378340411
ROL,492079290
TTWO,116518331
IMO,704578328
AVY,82882992
BKR,828487126
NVR,3565555
TXG,110885642
COHR,73605606
NICE,63121441
CMS,289654238
AKAM,162829841
TCOM,637456412
PCG,1985273048
MTB,128677826
DGX,122180759
PFG,268394112
MKTX,38000372
TFX,46801138
HAL,890499362
KB,389634335
ARGX,51398663
BXP,156169178
LOGI,168699981
BBWI,264748600
GPC,143212499
SKM,641086873
NVAX,74484166
EXAS,171948769
CE,111115442
CG,357148853
J,130314412
MKL,13724847
VTRS,1209290460
SHG,516593204
NUAN,314521767
JHX,446395895
HEI,135425252
IEX,75998135
SNN,439603106
PBA,550057000
COUP,73525323
ELP,2736552000
UPST,77767428
LYFT,335274328
CHKP,132798215
INCY,220835269
CVE,2017612000
BIP,295538544
WAB,189034202
ACGL,396039032
CDAY,149861732
TXT,224137963
LSXMA,332424657
LSXMK,332424657
BEN,502854184
LBTYB,555551912
ABMD,45380233
BRO,281607111
PPD,351315324
CLVT,641455231
WPP,238866248
AES,666359739
SBNY,60636731
STNE,309416372
SUZ,1349221580
VICI,537044887
LBTYK,555551912
EVRG,229297836
YMM,1085845702
DOCS,185672342
LBTYA,555551912
ENTG,135597451
MNDY,44125340
CAG,480333560
UDR,296846871
S,256371279
CGNX,176707164
NLOK,581276172
UAL,323612861
PTC,117381783
MOH,58400000
OMC,214407709
AVLR,86316219
MASI,55056901
EMN,135782719
ELAN,473019117
PLUG,574355448
MRVI,257659541
MAS,247162958
GME,74379250
FUTU,146672411
LKQ,293875364
CNP,592890377
LNT,250257856
ELS,183765513
TME,1692571869
FTCH,354773491
SEDG,52270276
RGEN,54977179
ZEN,120020132
RH,21030374
NMR,3093691885
CAH,290441408
SQM,285638456
GDRX,395639987
OTEX,271754378
HTHT,323651294
TTM,765762132
ESTC,91502880
WPC,189447420
SJR,498821326
CPT,100574930
ENIA,2145633971
CCK,131367768
IPG,393620225
BMRN,183352255
VEDL,929376217
DISCA,505745608
STLD,204113883
L,257273034
NVCR,103647871
LSPD,142590732
IEP,264531252
PWR,139152345
PKG,94992190
FDS,37779643
WSM,75119077
PCTY,54601434
NTCO,689417091
HWM,428912175
CBOE,111818750
PHM,259524310
VIV,1684135971
MHK,69029241
CVAC,186219816
CFLT,260410036
FBHS,137878925
WHR,62703495
AGL,390882560
AEM,243703246
FNF,285313503
DISCK,505745608
BZ,399950075
LDOS,141565183
ASAN,180644154
MQ,539398607
APO,235527360
LUMN,1105232133
CLR,367552559
WRK,267006103
DVA,104735406
HAS,137683075
NDSN,58128637
WRB,177529889
KIM,612890296
NWSA,590842287
FANG,181053648
IRM,289460314
AAP,63000741
SJM,108361799
LNC,187923317
BRKR,151019998
AAL,647457831
XRAY,218550601
GGG,169741603
AMH,322843324
ACI,466535671
NWS,590842287
KEP,1283928154
UHAL,19607788
EQH,412324232
ATUS,457128386
PENN,156789295
FICO,28387185
GLOB,41193920
JKHY,74185575
WIX,56407291
UHS,83131026
SC,306081081
PNR,165863101
ATO,130790813
TREX,115344733
FIVN,67699681
FIVE,55993368
ALLE,89696156
NLY,1444273077
CTXS,124232082
FND,105239357
GDDY,169209148
ATH,191970001
QGEN,228638000
FFIV,60312253
DBX,398465630
WB,227847851
AXON,65675685
LII,37166641
CPB,303051488
JLL,50701671
MOS,379896944
CABO,6038066
DAR,162069796
CLF,499734892
MTN,40302257
SNA,53970510
FMC,128699387
ARES,163459152
KOF,210083226
CX,1472897072
LPLA,80245533
GH,101298669
CNA,271352510
MPW,595700000
WTRG,245757399
BKI,156630031
CHRW,131711746
EBR,1568930910
TTC,107063422
WYNN,115671633
CHGG,144677794
TPR,279575180
NTLA,73487046
TECK,532500000
DKS,89269377
TS,590268500
SOFI,811143723
DECK,27662787
PCOR,131130415
IVZ,461391784
AFG,84749383
MCFE,434344908
HST,713973483
IHG,183216312
RHI,111970041
FWONK,231879464
OSH,240858856
GFL,329597013
SBSW,738146305
AOS,159178349
LAMR,101182618
VER,229149616
MORN,43066571
REG,169873727
GLPI,234301083
HUBB,54380483
NRG,244776881
WLK,128150417
ACH,680906918
BEP,274944130
UAA,468278219
OZON,208202929
PEGA,81455672
TPL,7752464
CSL,52125596
BAH,135185617
LEVI,401771598
BLDR,207208436
MMP,221559630
RE,39872807
NTRA,93783076
BG,141716919
TX,196307677
ZLAB,75375511
RPM,129774039
NWL,425400000
WSO,38735185
EWBC,141877607
OPEN,604641158
AGCO,75385755
IAC,79342768
CUBE,201770107
PLTK,409634218
OTLY,591777000
TEVA,1102385659
TFII,93018868
SCI,167578506
MANH,63399891
FWONA,231879464
HSIC,139693210
GDS,186897549
BHC,358808755
TAP,216956707
VIPS,676208930
WAL,104221389
BWA,239790175
LAD,30250672
MIDD,55626393
KL,265839623
IS,1012964792
DLB,101387476
PFPT,57757909
CMA,133923650
XPO,114626250
AEG,2029753025
TSP,209040398
TRGP,228655274
RDY,165847964
CREE,115885032
FSLR,106319302
OC,103129937
PEN,36580540
SID,1380114547
GPS,377602302
AIZ,58813595
GRFS,687554908
BSAC,471115316
GL,101720608
VRT,352427840
CF,215099967
GLBE,142236913
CRSP,76201185
AQN,619263309
NI,392410381
OLED,47119914
NCLH,370030246
UGI,209096896
GWRE,83154725
GXO,114626250
DOX,126605000
SMAR,125111961
STOR,271688122
RS,63483196
G,187737180
UA,468278219
BCH,505085405
JNPR,325151821
ZNGA,1091890649
LEA,59741379
BAK,398033136
ACM,144061817
LSI,78316079
ST,158374184
Y,13870240
COLD,261078912
RUN,205932911
SYNH,103483148
LW,145118958
SSL,634332542
GGB,1705576337
DXC,251904242
FRT,77768140
UTHR,44923485
ZION,162070463
MRO,788398843
QS,414647265
TIXT,266000000
JEF,247037420
VST,482518768
ARCC,458365805
CONE,124018500
IPGP,53496953
BERY,135300000
SEE,149892825
FHN,549333271
ERIE,52289868
KSS,156233049
NBIX,94646427
CACC,15672311
FLEX,488225731
ICL,1284151147
YETI,87471840
CROX,62385533
CAE,316753981
JBL,145829630
SMG,55801258
CPRI,152014472
BFAM,60560617
ARMK,255241686
TPX,196496823
ATR,65959499
SEIC,141076628
CIEN,154767152
ZNH,306587255
SITE,44548609
PLAN,144732009
WU,406348202
CNXC,52216701
PNW,112785588
AZPN,67076892
ARW,71819300
AGNC,524908382
HRC,65816571
RL,73509352
BHVN,65401228
OGN,253545051
VNO,205493391
DCI,125584716
MRTX,51623193
ASND,53829379
FCNCA,9816405
NYT,167873626
KNX,165975952
WMS,70561388
ITT,86100000
BAP,79516000
WFG,108416376
REXR,137740282
CBSH,116804211
NNN,175599418
PSXP,228340146
LECO,59386601
FSV,43868531
RYAN,259065974
WEX,44797826
JAZZ,61148558
HII,40140682
ORI,305738392
WES,413076510
PSO,756588667
GFI,887717348
BC,77499307
LSCC,136384642
MKSI,55451896
OSK,68635853
RGA,67996937
AN,71595447
CHDN,38520048
OHI,238875381
AA,186866156
XLRN,60900521
HNP,392452333
GMED,100890673
AIRC,156962825
DNB,431084384
BSMX,1355017002
CSAN,466721974
THC,107053834
ALV,87472019
TOL,123376000
SKX,155832168
CIB,240456750
BYND,63254448
NLSN,358800149
MBT,863478489
WWD,63603338
GIL,198523552
PVH,71359730
BEPC,172207005
FAF,109919919
EHC,99503755
MAT,348970305
OLN,160462045
KRC,116454210
H,101796491
PII,60589994
BJ,137133779
OMF,132046200
STVN,294827240
SWAV,35150341
USFD,222510486
RNR,47105389
NTNX,211564707
BBIO,149765414
TTEK,54071184
DAVA,55117345
APPN,71082463
JHG,172349989
GNTX,238954080
CASY,37102246
STWD,288278083
VOYA,113437085
RXN,121105357
X,270128597
KGC,1261933539
IQ,789284908
AER,133378888
CFR,63649856
FYBR,244401000
CHE,15731457
SF,104787828
RLX,1570790570
ALK,125232721
PNFP,76107958
COTY,766107084
RGLD,65607112
BLD,32934879
CFX,148886168
SAM,12281795
IAA,134796790
AXTA,230160918
SGMS,96369658
EEFT,52824377
OGE,200174361
M,312500000
POST,63707265
CHPT,321505683
LZ,196904824
SHC,282916909
TNDM,63029361
SLAB,44764087
WK,50433661
BYD,112223991
PBCT,427954775
IRCP,3070683864
MTZ,74314887
FR,129131444
CGC,393179437
FATE,95184547
ADT,831070020
AMG,41205816
TV,559240683
PAG,80328736
BEAM,66350681
LFUS,24617137
MSTR,9747467.999
PSTG,283254906
EGP,40405380
PLNT,86596451
ACC,139106852
CCJ,397752771
BUFF,195643609
DOOO,80671766.01
PAA,717371576
SYNA,38854107
RBA,110371456
WH,93523120
FOUR,82896035
BRX,296978097
OMCL,43474327
WF,240755893
FFIN,141421145
APA,378021539
KC,223324287
ARVL,620431341
ARWR,104259256
OVV,261084425
AU,417345340
COLM,65967024
AMBP,603283097
HBI,349151707
SPCE,257260827
NVST,161257697
JOBY,603887944
PPC,243675522
CNM,240687986
GTLS,36375627
EQT,378016134
CHNG,310861786
EXPI,146421690
AYI,35708130
OLO,147703903
VRNS,106916695
STAG,162038478
SNX,51934555
CYBR,39759662
CHH,55630682
VIR,130611795
MAN,54232871
AZEK,154842297
EME,53753699
RPD,55783467
JCOM,48204191
PB,92930088.99
IIVI,105718326
STAA,47395678
EXP,41882068
FOXF,42103383
FSK,285129993
KT,468751628
PYCR,174077784
MDU,202430930
VAC,42706878
AVAL,1114050857
LEG,133298914
WOOF,302061004
HCM,172823132
DSGX,84514455
BHG,630222819
HTA,218849312
THO,55366241
ESLT,44200164
WSC,226182486
TXRH,69830389
EDR,261483029
BMBL,119799056
POWI,60290603
SQSP,138494721
AMKR,244343710
SNV,146445522
CCCS,594545380
BL,58408932
SRPT,79844654
FVRR,35842980
SAIA,26335096
MEDP,35819312
CRCT,222231891
SON,98324892.99
LPL,715631400
DNLI,121640069
LSTR,38275799
LITE,73000000
IBKR,98143246
SPT,53848922
MLCO,479316888
RARE,67836060
NFE,206698564
GPK,307048826
CEA,327590184
LAZR,359426980
BPOP,80671356.99
MGP,156653604
ARD,236370000
PFGC,133805843
XEC,102821033
BB,566412186
COR,44205048
MSA,39189632
SRCL,91854225
DOCN,107340145
IART,84579541.99
HLI,68321921
KRNT,46277557
COMP,394518773
NEP,76619403
RBC,40697042
HOG,153845993
BOKF,69078458
NXST,42000000
PHI,216000000
TLRY,446156841
VSCO,88249533.01
EXEL,315048788
NVTA,217339666
PSFE,723712382
BRKS,74296729
CAR,66542531
INOV,150884676
CACI,23586037
LPX,95225904
TNET,65857282.01
SRC,119103788
STMP,18426475
VNT,168925097
QTS,77097212
VMEO,164627041
COG,399664101
PRI,39469869
EXPO,52058748
MP,177747598
CR,58631950
TDC,109100000
REYN,209758789
FL,103544361
INSP,27271598
CIGI,43983994
INGR,67005068
HLF,115595344
ASGN,52900000
WCC,50374291
SWCH,241712957
DCT,131712321
HALO,142334900
NCNO,95434674
NYCB,465033012
FIGS,160913573
SLM,305807223
PACB,198998538
ACHC,89863378.99
EVBG,38385479
CUZ,148688036
ESI,247567929
AMED,32631959
ROLL,25420756
IIPR,23928304
NEO,122816314
PAC,52328660
ORCC,392217490
NVT,168107127
TUYA,559760081
NCR,131400000
HUN,221929899
TIMB,484015173
DEI,175472472
CC,165163689
TKR,76258559
ALTR,75526649
ZIM,115000000
DCP,208362572
CELH,74482303
IONS,141147698
APLS,87003285.01
LHCG,31669540
WTS,33640661
ZH,561505368
FRPT,43360020
HELE,24098751
OZK,129612519
LEGN,144714048
ALGM,189646542
TFSL,280623861
NATI,132980932
CLH,54402611
MCW,296072999
BPMC,58574031
UPWK,127616789
BWXT,95176522
UNM,204393640
ANGI,504194976
TWST,49292036
VVV,180760678
KBR,140783733
EVR,39657401
RRR,116359392
DADA,236793538
MDLA,160376143
PRGO,133714781
VLY,406608663
RCM,278870428
HQY,83389315.01
ELY,185936881
IRDM,131934582
IDA,50516384
CIT,99144200
SHLS,166612171
RDFN,104912424
VICR,43597796
STN,111005773
PAAS,210299385
ESNT,111872180
AI,103971014
MMS,61471783
OLLI,65284739
ASR,30000000
ASH,60733352
CHK,98280786
MTG,339322356
NOV,390704130
NOVT,35489022
WEN,222787694
SONO,125771272
COUR,137743251
ANAT,26887200
TMX,124687026
VMI,21213239
LFST,374148648
AMN,47262560
GBCI,95507564.99
PACW,119547987
FSLY,116600000
FLS,130262789
AB,99708806
QDEL,41632759
DDL,236051333
APPS,96096317
NEWR,64847793
HFC,162490166
ADC,68922312
SIGI,60107525.01
DSEY,301269707
RYN,141325002
LAZ,103465060
DV,157851204
HHC,55126260
AEO,167716802
WING,29745482
AWI,47603088
KOD,51451541
HGV,119678533
THG,35703664
JOBS,67437209
CDK,120831922
FLO,211754152
AYX,67270140.01
DRVN,167369010
RLI,45225943
ATHM,124979535
NSA,88650615
TRIP,137406261
HAYW,231101257
ALKS,161331522
NRZ,466579920
TTEC,46985329
BLDP,297606180
SSD,43439655
CERT,152864921
SSB,70047448
JBLU,318022154
PWSC,153025779
FCN,34278447
CW,40883999
SAIC,57959188
ABCL,278703884
IMAB,75241924
LANC,27530000
GTES,291854218
ADPT,140765849
HXL,83849259
BXMT,147016298
ADS,49755996
SHLX,393289537
QTWO,56463947
VIRT,184365301
GSHD,36794449
SLG,67158759
OCDX,235133845
SBS,683509869
EYE,81875122.99
TASK,97290174
CRUS,57597723
UFPI,61850733
VTEX,187258580
NEA,299037391
SEB,1160779
INMD,38190851
HE,109311034
HIW,104209513
JWN,158898676
ABCM,226765655
AMRS,297976192
CLDR,296132583
HLNE,53029648
AL,114141103
TNL,86297536
YY,78404831
UBSI,129203593
SAFE,53329238
SLGN,110408113
NOMD,176624849
ALLK,53996459
TENB,106578737
MSM,55646764.01
APG,201734317
OPCH,179868880
CHX,201802181
ALIT,456770917
DUOL,37418367
NFG,91181154.01
LMND,61556857
NEOG,107477445
AVNT,91297358
SPSC,35831643
HASI,78419939
GRA,66269451
AQUA,120232936
TRNO,70523525
EDIT,68261255
PGNY,89393728
SFIX,107128625
WBS,90592291.01
ATC,194695832
PINC,122780223
QRTEB,407259288
PZZA,36563793
ASAI,269299859
PK,236492895
CRI,44011080
REZI,144182941
QRTEA,407259288
POR,89405455
IBRX,391156513
AXS,84769601
LESL,189323108
QLYS,38944931
CERE,144869798
AM,477459735
BKH,63480270
HRB,178055084
EVCM,195336835
SEM,134576139
RDN,185557493
LPSN,69765416.01
KWR,17878247
MIME,65738818
STL,192694991
JBT,31767154
UMBF,48347534
FEYE,239191838
ENSG,55138124
SKLZ,402988487
SMTC,64926331
DTM,96732465.99
LIVN,53205585
RHP,55065442.01
BCPC,32370535
SAIL,92942032
SGFY,168030392
GOOS,110528916
UMPQ,220133236
KMPR,63626870.01
WISH,628000000
ESGR,18380157
HR,145529657
OWL,320005258
GT,281192923
AY,110833204
SPR,105429738
ENV,54515307
APPF,34611989
SANA,187890775
SAFM,22329685
BNL,158830350
KBH,98848342.01
IGT,205188000
R,53773599
PNM,85834873.99
RCII,66461677.01
DIOD,44963486
WTFC,57040656
FSR,296099196
CIG,1692711172
MSP,162276988
MTSI,68792698.01
CNS,48249606
UNF,18885918
AUY,966434000
MTH,37646856
TKC,873242477.1
FIZZ,93307746
ARVN,49195898
NSP,38602629
RVLV,72764082
SSTK,36995426
SDGR,70738281
KLIC,61968509
CRNC,38006493
MSGS,24116630
PSB,27542562
SEAS,79178900.99
LPRO,115649909
ATKR,46102716
JAMF,118653414
CXM,248089126
BIGC,71110071
DDS,20700000
ICUI,21207648
PFSI,62055841
AR,313864919
NKLA,398253825
RSKD,157625498
UNVR,170908008
MNSO,303975401
CD,362750306
XRX,178485529
ALRM,49902982.99
BHF,83110216.01
SWX,59093403
KNSL,22805592
SUM,118021429
CDNA,52627165
AVT,99503642.99
WNS,48615110
VNE,111959234
APAM,79042004
NOVA,111985750
NVRO,34865742
LTHM,161541708
CWK,223248365
CMC,120586589
FLYW,104817671
LOPE,45185834
HWC,86850672.01
BTG,1054306919
EXLS,33174613
DOC,217405868
HPP,152477830
MXL,76469545
NARI,49928519
CBU,53918062
ALSN,105755046
JBGS,131940903
PDCE,98659588
SFBS,54201204
YOU,75462540
PSTH,200000100
SNDR,177654191
SWTX,49127913
BKU,92820882
MUSA,25845040
FUBO,141666712
RETA,36387402
CIXX,201327000
ROG,18729142
MMSI,56270523.99
BOX,154731305
AIMC,64867141
ASO,92099916.99
KFY,55647152
WWE,76243578.01
FELE,46432448
SGRY,82478580.01
BCO,49792205
KNBE,169491467
OLK,119007062
SIG,52667089.99
TGNA,221085466
TPTX,49407966
ORA,55997406
MPLN,668117373
DQ,73513579.99
ARNC,109377065
NVG,213370543
CNMD,29162891
SITM,19060787
CLOV,440700000
LGIH,24617479
OGS,53500783
VSAT,73325854.01
ADNT,94217748
GOLF,73905679.01
DDD,125235532
MC,61011136
HRI,29646245
ETRN,432522000
PPBI,94649518.01
LYEL,239398206
CSOD,66754079
NAVI,167840188
MARA,99634123
RXRX,168483434
NAD,233404655
FRHC,59474711.99
CCMP,29222355
GLPG,65522521.01
TRUP,40234964
FNB,319519081
NEU,10928129
SPWR,172855274
IOVA,155032000
VZIO,184789385
HAIN,99720274.99
VIAV,228472709
BE,173586273
EPR,74803697.99
CWST,51386524
TIGO,101335816
MGNI,131250746
ITRI,45235686
IBP,29701382
GEF,59562511
ENS,42523261
CWEN,116360312
EPRT,118256328
FOCS,72492983
TGTX,142831983
DNP,340976403
SUN,99762902.99
EBC,186758154
LXP,278421102
COKE,9373688.999
CVLT,45870960
CCU,184751436
PSN,102502780
SHAK,42057463
PRG,79649764.01
AGO,73006098.01
GENI,191512357
ACIW,117484424
SIX,85872819
MTTR,241956549
FROG,95887493
BRFS,808391943
MDC,70620250.99
ME,406785909.1
BECN,70034721.99
PRFT,32931290
VRM,136714597
TRTN,67393576
FTDR,85747075
SXT,42156133.01
HOMB,164087998
FHB,129585404
ONTO,49267758
LCII,25271844
RIOT,95948232
AMBA,36278551
ABG,19341374
TEX,69800000
SIM,154259824
SABR,322657316
OUT,145598601
FA,152856250
CIM,235955784
BLND,219593737
NJR,96433900.99
EDU,1701658870
FN,36799959
ALE,52268119
SKY,56757417
ULCC,215446976
AAON,52403733
ISBC,247615750
SBRA,220824104
DEN,50109950.01
TMHC,125289090
CARG,117371913
PHR,50519622
RRC,249773811
ATCO,246952839
FUL,52534579
URBN,98341627.01
VEON,1749127404
AMRC,51388508.01
WTM,3106130
API,115870640
MIC,87923929
ENBL,435877546.1
SR,51684120.01
ALLO,142183418
IHRT,141575037
MAC,213008898
ABCB,69766395
PECO,113300000
PCH,67045315.99
KRTX,29551248
PRVA,105742962
CWH,87569493
BOH,40478000
BBU,78584113
EBS,53700728.99
LILAK,233063392
SSRM,214301882
CCOI,47665631
NSIT,34855832
HEPS,325998290
ALGT,17986507
LILA,233063392
FCFS,40451966
VG,251854581
APLE,228340959
SOGO,387590915.9
ENIC,1383331144
ATRC,45882449
MGY,235854796
PAYO,338351977
PD,83641856
ABM,67131306
DBRG,493102119.1
AEIS,38373074
DAN,145228817
SPB,42526120
MATX,43459900
AIT,38515334
TCBI,50597796.99
QFIN,152396001
ERJ,185116261
BLKB,48883115
CBRL,23726372
SMPL,95780010.99
SAVA,40014695
AJRD,80293350.01
PCI,150317409
FHI,97565116.99
STEM,131008933
SITC,211040251
AXNX,46134513
MUR,154434953
WBT,142140335
KEX,60109000
FLOW,41629822
BRP,99690896
ALHC,187273782
EVTC,71969856.01
COOP,86148566.99
ONEM,137802443
SHOO,81946243.01
AWR,36931771
HI,73038372
SKIN,133419152
SEMR,135496810
PJT,41055186
VERV,47991798.99
CPA,42483987
INST,138500000
TAL,644880965.9
MCY,55370788.01
NWE,51561227.01
CWT,51535000
WD,31821841
OSTK,43013210
WDFC,13707767
IAS,153913622
KTB,57663976
EXG,302965135
COMM,204201881
AMEH,44454362.99
ASB,152967324
MTDR,116982758
NGVT,39520486
ARNA,61074416
VERX,147980083
VSH,144807880
RSI,219177489
TROX,153643555
AHCO,130910675
MANT,40686643.01
EQC,121940355
PSEC,387758075
WERN,67931873.01
GATX,35500000
BSTZ,78089962.01
CNO,127789178
OFC,112334670
AG,255217966
TSEM,108219239
ITGR,33000058
ADGI,111245660
UGP,1088165025
SFNC,108284170
HL,536976532
BXS,108601081
CATY,78160561
YSG,631613443.9
VCYT,70853886
DORM,31829255
ACVA,154994620
KMT,83615430.01
BMI,29176396
DOMO,31680594
JJSF,19063903
PRTA,45047448.99
NUVA,51664749
VC,27984324
RAMP,67922184
GHC,5001462
CBT,56723536.99
PAY,117360189
AGI,392944199
ALXO,40342798
INSM,115246666
CRTX,29685786
HAE,51029618
CTKB,130808856
CVET,137616602
WOR,51586516.01
IBTX,43168423
LAW,56378863.01
XMTR,41667284.99
LAUR,188328105
FTI,450700480
SI,26520621
KW,140763243
FOLD,266555274
NNI,38216897
WWW,82214453
UNIT,233407367
AEL,92512820.99
BBBY,104513541
KTOS,123957536
CALX,63496164
KYMR,51039816.99
COOK,117547916
ACCD,66073740
ADV,318573562
CURV,111650000
GPI,18074057
EAF,267880752
CSQ,155198255
ASTR,257116105
FLGT,29521259
DOOR,24091364
MNTV,147513041
FORM,77674960.01
TRQ,201231446
AX,59317944.01
HSKA,10645363
MGEE,36163370
CDLX,33040112
MD,86306730.99
AUB,76904963
VRNT,64999036.01
ZNTL,45052904.01
ZIP,115108142
PTCT,70604925.01
MAIN,68611005.99
AVA,69667790
SPXC,45317320
VNET,143679851
LC,98601190
PDCO,97229896
TRN,99305506.01
SWN,677020351.1
BIPC,44950381.99
PBH,50059989
MRCY,56234112.99
RLAY,92695097.01
SRNE,298099574
THRM,33154603
YELP,73564963.99
PEB,131382515
DNUT,167112953
OSCR,207671758
RXT,209134764
MVST,300516246
VNOM,155011252
CNNE,88926856.99
PRMW,160371811
MANU,162939193
HP,107898782
SWI,158024032
CSTM,141677366
NVMI,28260029
ONB,165720179
BCRX,178869928
ETWO,235128177
CYRX,46022469
NHI,45850598.99
TBIO,75586713.99
OMI,75462486.01
SJI,112447099
CRVL,17813680
ACAD,160643284
UFS,50358876
WHD,75703369.99
SFM,114191196
CVBF,135895589
FIBK,62240230.99
HTH,81154607.99
MMYT,104732986
BRC,52063083.01
EGHT,112033014
USM,86737300
RPAI,214797869
FIX,36305194
SAVE,108401850
TAC,271000000
MODV,13993060
MYGN,78055364.99
MOMO,206130267
TWOU,74616938
UTF,93637603.02
ENLC,488622133
FBP,208500937
TPH,111066302
CVA,133009182
ENR,68371727
GBDC,169151857
HCAT,50848058.01
JELD,92116670.99
ERAS,118955468
DCBO,32724286
MEOH,76209280
ARRY,134093232
NKTR,183801441
CYTK,83512670
MED,11729968
AGIO,58951469
AZUL,115311637
IBOC,63372301
BAND,25110488
PCRX,44454792
JOE,58882549.01
SWIM,120426397
ITCI,81341591.01
DOMA,322787486
BUR,219049877
REE,313343342
GDOT,54644063.01
TARO,37926304
FUN,56828184.01
NSTG,45521634.01
OMAB,54984694
PIPR,18042719
FULT,163075000
OPK,681162619.1
HHR,50635719.99
CENT,55706960
COLB,71767226.99
MTX,33593165
CADE,124777857
HLIO,32390154
UCBI,86627703
FBC,52862268
ABR,142177732
CRSR,93806696.99
LOB,43308047.01
MLHR,59052202.01
NUS,50134741
HUYA,237099734
SCL,22465861
SAGE,58811150.99
ATAI,154819776
RMBS,108897295
PSMT,30783266.01
PTVE,177157710
INDB,33044479
LDI,309268193
UTZ,136919374
MSGE,33960742
REGI,50235068
GSAT,1793000000
AGTI,130385072
BOOT,29530531
MLI,57153790.99
MWA,158560235
SIMO,34925163
PLXS,28250321.01
AIN,32380677
RKT,138406108
BDC,44853451.01
TIL,128761873
AVAV,24777816
IFS,115418131
PACK,81394875.02
AMWL,242888047
SHO,219042657
CRC,81879457
ACA,48400823
EAT,45750918
GKOS,46561062.01
VCEL,46631157.99
SANM,65094923.99
MGLN,26264925.01
SHCR,333875179
AVIR,82776937
CORT,115926629
NZF,142125905
RUSHA,55686596.01
WGO,33599487
MYTE,85783253
NAPA,114381404
HIPO,559038333
NABL,178747623
FSS,61131770.01
CRON,371805547
BCAT,112133801
VVNT,208712060
MVIS,163959541
ALKT,87186729.99
VRRM,162410988
GDV,90432319.02
B,50575323.01
NUV,207378671
ROCK,32636340
GO,95920474.02
EVGO,264536770
BDN,170899757
EVA,45008079.01
CNX,217921030
FTAI,85641313.99
SKYW,50379791.01
KAI,11580305
RLJ,166618575
CVCO,9187030.001
BFLY,193953048
VRTS,7651606.001
TEO,430737602
BLMN,89224282
BLI,67100594.01
VSTO,57375901
DY,30778691.01
ODP,53328218
FWRD,27100389
VCTR,68042893
EPC,54363273.01
OI,157284377
CCS,33760939.99
CAKE,52178583.01
RUSHB,55686596.01
CLDX,46481843
FLR,141416214
ESE,26061432
NMRK,179256440
CRTO,61005558.99
PTGX,47550573.01
IRBT,28051025
SNBR,23622000
IPAR,31654958
CENTA,55706960.01
CMPR,25054075
SHI,108238135
BODY,308175942
LEV,188567602
AAT,60472064.99
HUBG,34371606
NG,331651314
IGMS,32062187
SATS,88925445.01
TIGR,162375276
MORF,36451080
SBLK,102239716
AMRN,395302403.9
NAC,144735059
ADX,111027121
SBGI,75489818
INTA,58777163.01
IOSP,24641904
ATI,127245632
WAFD,67946351
TDS,114745400
FFBC,95702333.98
BALY,44591127
SUMO,107998564
TREE,13315038
VGR,153959427
JACK,21671547
NOAH,61088679.99
SEER,61454481
MKTW,319095396
CMP,34038721
CPK,17578367
FRME,54163660
WSBC,65403675.01
PAX,136147500
BCC,39330807
PLMR,25375303
TOWN,72655662.99
BLFS,40699795
SMFR,240190402
DM,260680560
LAC,119924317
MCG,201962197
HLMN,187746121
BMEZ,78089962
PTRA,212300222
ZUO,122300000
GOGL,200390621
MAXR,72496088.01
STFC,44223498
XPER,104769489
BNR,104548489
PDM,124135427
RIG,651139944.9
CGAU,296774930
WKME,82652098.01
OTTR,41539333.99
PTY,110616711
VLRS,115405450
ENVX,145245643
CSIQ,59997643.01
HIMX,174089165
IDCC,30707146
ETY,152021976
UE,117136695
HMY,609897567.1
ALEC,80875423
TTGT,28159043
ADCT,78270000
POSH,76249000.99
BSIG,79390489.99
TLS,66755229.99
IBA,50000000
SM,121220862
ROIC,121406366
ARI,139894060
WSFS,47535215.01
SRNG,215625000
SYKE,39796017
NUVB,217759082
FMBI,114298897
AUPH,128395927
TR,67425285.01
GMS,43077267
JKS,47678928
GCMG,184150108
IRWD,162895011
HYFM,43926485.99
MLNK,80704569.02
AAWW,29024886.01
GTN,95833911.01
MYOV,92077859.99
UTG,59465570
EVH,87267772
JBI,138384250
CTRE,97035096
RQI,134243229
AEVA,212168920
IRT,105111480
MFA,440900000
SBH,113033420
ANF,61537495
EVRI,90089384
RCUS,71394037.01
FCEL,322495370.1
RAVN,35917637
WRE,84607533
FCPT,76202401.02
EVT,73507573.98
BSM,208642990
CNK,119627128
NTCT,74085581.99
CSWI,15734200
CANO,173141493
SAH,41715948.01
BGRY,228347413
RVMD,73581042
RERE,222634836
PING,82111805.01
TWO,313883160.9
KEN,53879117
JMIA,98592583.99
VAL,75000045.01
FLWS,65084777.01
HYZN,247215716
TRMK,62454967.01
CNR,126051017
OM,46313196.01
SASR,47227251.99
TBK,25113321.99
PATK,23670838
ATSG,74202814.99
SJW,29804926.99
JPS,203790147
KAR,119184223
BGCP,385582200.9
NIU,76274998.99
INNV,135516513
RPAY,90586350
XPEL,27612597
RCKT,63615685.01
RLGY,116584201
INT,63502254
MFGP,335577313
LTRPB,75506275.02
OR,168102001
RNST,56352052
CCCC,48454266
PRLB,27761063
NXE,476116414.9
RVNC,71829717.99
CPG,581986568.1
TWNK,130093017
CORE,45181559.01
PRGS,43754747
HTLF,42245788.01
CTOS,246959185
PDI,70334136.01
HRMY,57008474
ORGO,128583801
SDC,388113157
UCTT,44700000
BKE,49783381
BANR,34551718
INO,210356896
XHR,114209134
THS,55740548
HTGC,115840092
AMK,73546059.99
AMCX,42215683
CLBK,106789198
DVAX,114760092
PAGP,194123869
MOR,136502236
NMIH,85708239
AFYA,93175988.01
YPF,393312792.9
GSBD,101745881
MDRX,125010868
EQX,300448930
HEP,105440201
FBK,47363275.01
UNFI,56349863.99
BASE,41411931.01
RUBY,89773881.99
PRK,16336713
PGRE,218961000
CXP,114903984
HCSG,74658000
TDUP,96780166.01
DFH,92521482
RVT,103297532
MDP,45658309
KALU,15859820
XNCR,58323913.99
BIG,34639479.99
GOEV,237491189
LGND,16676532
EPAY,45387838.99
ASZ,197142856
GRWG,59607234
USNA,20012274
ABSI,92250022.01
SCR,52849245.99
BDJ,186003434
TSE,38827828
MHO,29318130
PRO,44378703.99
STRA,24612624
USA,221494111
PMT,97872349
BGS,64826117.98
MNRO,33505537
MSEX,17490561
STEP,40335938.01
SILK,34683794.99
GNW,507385834.1
ASTS,181529704
SVC,164857754
GVA,45820690
AKR,88433958.99
PVG,187898059
CODI,64900000
DRH,210619840
ARGO,34852439
PRAA,45836572.01
GPRE,53649710
BANF,32784512.99
LBRT,180170922
DNMR,97732078.99
BTT,70505570.98
MNR,98302206.99
EGBN,31960682.99
ATGE,49620608
CNTA,89899418.99
RILY,27580300
STAR          ,71690804.98
SBCF,58123013
CSTL,25167364.99
BVN,253986867
PRCH,96734221.02
WOW,87103746.01
QADA,21006791
BZUN,78023838.99
TRIL,104814674
LNN,10907229
MEI,38194209
DKL,43453432.99
DSL,101996828
QADB,21006791
GBT,62412062.01
UP,245587611
KN,91986498.02
NS,109532470
CGNT,65993554.01
TY,52116356.01
PLAY,48157786.01
WLL,39117950.01
CAMT,43712486
ALG,11927798
SNCY,57158467
AVPT,180272638
DEA,83945290
ACMR,19388014
SMCI,49934337.01
GAB,261772335
INFN,208592494
ESRT,173412104
WIRE,20649395
GCP,73484007.99
VALN,49890295
MAG,94960153.01
OAS,20000000
DCPH,58041410.01
CLNE,222992133
BTRS,158239684
CALM,48857328.99
ILPT,65314355.02
HMHC,127667170
VBTX,49523682.99
ESTA,23739353
CBZ,52718918.01
GLUE,46381919
EFSC,38624599.01
ICFI,18859735
OSIS,17891795.01
NGM,77338144.01
NPO,20601609
DAC,20598940
SCWX,83938637
ROAD,52292478.02
AVYA,84212323.98
GWB,55116095
DAWN,61928938.99
TBLA,210891354
MYRG,16867470
PRPL,66819690.01
SENS,445254992.9
GNL,100291572
PFS,77998688.99
HOPE,122898170
FINV,283376356
SKT,103957262
HMN,41487113
QTRX,36522840
KRG,84547919
CDE,257025778
LNTH,67604096.99
FOE,82704289.98
ECVT,136944255
DLX,42544770
BAMR,27830790.99
ARCB,25557575
SGHT,47265163.99
MAPS,129240910
LKFN,25300100
EB,94307461.02
PAR,25857858
HNI,43875200
NTB,50207357.01
MTOR,70143303.01
TSLX,72837125.01
CDXS,64640733.99
KAHC,172500000
ETG,76300213.99
MGRC,24245260.01
NYMT,379398477.1
CVII,172500000
YEXT,126243515
CEQP,62901946.98
NWBI,126887881
STC,26884372
PRLD,47093531
KLTR,126489472
BNGO,279140015.1
ACLS,33574743.01
EURN,201677981
TRMR,75138684.99
SCU,58104340
SCS,115679952
CMRE,123098161
VCRA,34714805.99
MBUU,20847029
ERO,88374675.99
TGH,49633619
CRS,48067164.01
AVAH,184164184
ROVR,157199138
OCFT,389993551
CYH,132078106
CAN,171640213
PCT,117356725
UIS,67115825.99
SNDL,2060000000
CRBU,56709190.99
BTU,114300000
DRNA,77734171.98
NNDM,256489283
RDNT,53138627.99
RTLR,148591556
CLI,90946165.01
NVEE,15381617
SPNT,162121788
TPIC,37248140.01
WW,69872883.01
AVNS,48123082.99
MDXG,111946829
CFFN,138833184
FPF,60765997
ELF,51826155.99
OCGN,198755831
LTCH,141270885
GOL,197480787
CASH,31920164.99
FRTA,66920808.02
SNPO,74725605
NBTB,43336021
NWN,30672721.99
HYLN,173047745
COHU,48597031.99
OXM,16892753
MKFG,185251837
BXMX,104086837
HIMS,203232362
HIBB,16012057
LZB,44323181
HBM,261517129
RDWR,45534940
GPRO,154074593
EGO,182594086.1
NXRT,25149927
EVV,116147018
CBD,269143130.1
BV,105201762
GDEN,28869688.99
CSGS,32742573.99
KRO,115549917
ETV,92609151.02
ZYME,46385729
MMI,39579303.01
BBN,58304564.98
TTMI,107793788
FDP,47524712
HYT,121904056
FRO,198031321
EH,55429033
ROOT,253695453.9
WABC,26865783
PRTC,28653691.01
BALT,58611712.01
CDMO,61097670.99
PDO,70334135.99
OFLX,10094322
EPAC,60202564
CPE,46290613
SSP,82467312.99
DOLE,93098643.99
SHYF,35350264.99
HSC,79190353
AVXL,75707381.99
GOGO,109704350
CLM,117878707
NFH,131847694
ALEX,72516749
WMK,26898443
GIII,48376793.99
NFJ,94801581.02
ARCT,26327077.01
CNDT,212651045
GGAL,147469200
AGEN,233114645.1
GOCO,320825539.1
FORTY,15294267
IMOS,36362005.99
SHEN,49965150.99
VLDR,195558910
USAC,97067220
AVO,70609254.98
NUVL,46821468.99
USPH,12906932
GES,64923786
ASPN,32943851.01
YALA,143930130
HLLY,117993139
SGMO,145337046
LRN,41591962.99
REPL,46772263
ICVX,39329897
LADR,126238843
ERF,256750100
MGPI,21962171.01
CSII,40208079
GBX,32377438.99
SPNS,50229214.99
FST,119374111
LUNG,36690233
LIDR,154404302.1
GSKY,184178701
PLUS,13505354
GBIO,56780584
PWP,98500581
ACB,197979743
GIC,37736866.01
PMVP,45292015.01
MTRN,20437645.99
ADUS,15916799
BTZ,93478999.01
UXIN,397381159.9
RWT,113055422
IPOF,143750000
JRVR,37275736
LICY,163179553
BRMK,132641935
ECPG,30270009.01
PTA,55273457
HKIB,245611479
NRIX,44426855.99
MGNX,61107287.99
PTEN,189028779.1
ASTE,22757858.01
TBBK,57022400
MLAB,5203412.002
ITCB,341604505.9
OUST,161343284
SSYS,65396000
CMPS,41695335
SMWB,74376687.01
BCAB,33807360.01
RGR,17596600
SRRK,34460597.01
GTY,44728880.99
IRTC,29403360
BWMX,36584967.99
NMZ,88927042.98
EXTR,126682000
MDGL,16600047.01
BPMP,104794540
MXCT,100259803
NE,60159404.98
FRG,40228466.99
BATRA,52267655.99
CSR,14044860
DCOM,40971292
BIF,97849022.03
TELL,465469705.1
BST,25253571
BATRK,52267656.01
PI,24290417
SYBT,26587620.01
CDEV,279391327
ARCE,57598218.01
PLCE,14666938
CVI,100530599
CYXT,165978740.1
LTC,39374044.01
BLNK,42159201.99
JYNT,14376084
PRA,53981835.99
ALX,5107289.999
RGNX,42600527.99
DIN,17176018
TRS,42917208.99
GFF,56676975.02
PRIM,53731205.99
HTLD,79490314.02
SUPN,53145884.01
TNC,18669306
PUBM,47826504.01
DAO,123980956
PBI,175915379.9
NRC,25439013
ATEC,100117176
BUSE,56267774.99
INGN,22610928.99
SA,77054396
POLY,42321793.99
IMCR,43786088
GPOR,20585599
AGYS,24577787.01
KRA,32148135.99
WDH,394126528.9
RADI,75688541
AMWD,16608781
SCHN,27523590.01
INDI,130068699
QURE,46073372.99
SNEX,19816607
TMCI,52781692.99
AZZ,25071582
SLQT,163389853.1
OCSL,180360662
TEN,81972031.98
BRSP,129759132
PCVX,52189288.99
NMFC,96906987.97
IPSC,54404090.99
CUBI,32373955
FCF,95938473
MRTN,82880929.99
ZY,102389838
KURA,66295508.02
APR,35256477.99
BRBR,39510430.99
OCFC,59848333.99
RPTX,37117016.01
MEG,26199377
TVTX,60717176
ATRI,1800629.001
DOYU,324409790.1
OPI,48334357
RNP,47582192.98
GRBK,50759972.01
KRYS,22205642
GDYN,50841077
CLB,46331168.01
USCR,17140096
CMCO,28398811
MIG,50306759.99
CNXN,26191723
KIDS,19672616
QQQX,42065950.01
MTLS,58170606.98
PGTI,59587127.99
BKD,187211489
JWSM,129375000
PGEN,206643428.1
WRLD,6692894
FXLV,90246682.02
LX,180859724
VRTV,14922556
YMAB,43576950.02
IMKTA,18994376.01
CGEM,43541179.01
MCRI,18599516
NRK,87235303.99
QSI,136400660
KFRC,21629159
GB,180534962
BHLB,48928716.01
CRK,232850477.1
MQY,73188761.03
GEVO,197214586
ZETA,190147984
BLUE,67578548.97
SKIL,133059021
JANX,41611510
OII,99795438.02
FARO,18174873
GLNG,109943594
ALVR,62669373.01
HQH,44654026.01
EOS,49924260.98
ARCO,210481989
ZEAL,43332539
UVV,24577880.01
SAND          ,194890616.9
BARK,168315015.1
FSM,291425621.1
RIDE,176977772.1
AVID,45604272
SAFT,14982405
PAYA,127380384.1
FPH,148015661.1
WKHS,123948456
TGP,87000000
SBSI,32653855.99
AAC,125000000
OLMA,39557838.99
MODN,35784003
CHCO,15383669
RTPY,122187500
SXI,12212276
OFG,51662156.99
AROC,154041024
LMAT,21756788.99
TUP,49891610
HEES,36092602.99
ATRA,84757550.99
GTH,88871719.97
CHY,73250403
HOLI,61275099.02
AIR,35475634
ETW,107536229
REAL,91567544.98
GSM,178122720
ENVA,36873896.99
CHCT,24704116
DK,74062177
HRTX,101909490
FBNC,28489473.99
FMTX,49894878.02
SWBI,48046090
CHRS,76480152
STBA,39344488
PBF,120248011
LORL,30932750.99
SWM,31457517
TGI,64600350.03
ARKO,124427805
CNTB,57504174.99
ICHR,28358970
MNKD,249660177.9
FULC,40298425
KREF,55637480
SCHL,34396276.01
LASR,43198142.98
NNOX,47834457.01
EIG,28522190.01
MF,235451491.9
AMTI,38424662.01
PLYA,164218341
HVBT,377000000
SRCE,25006196.99
GRPH,58079002
TMP,14736858
MNTK,143584826.9
KRON,56254187.98
CLS,126797611
BCEI,30848887
IMGN,202404930
JOUT,10127200
TCBK,29711934.01
SOPH,63338111
VXRT,122818085
BRKL,78192588.99
OPRX,17618607
OMIC,71556026
LE,32979988.01
ADTN,48561812
NBHC,30800985.01
NHC,15423240
CNOB,39794814.99
CXW,120284765
TVTY,49642307
ECOL,31512323.99
CHEF,37958562.99
ARCH,15294065
CTS,32426574
XOG,25840663.01
INBX,37892204
IDEX,479029983.8
IDT,25761182
OPRA,115145866
ERII,57152300.03
HURN,22445893
UPLD,30413246.01
ONTF,46650980
CET,26243902.99
DBI,72868121.02
LDL,18037202.01
CCO,470872113.1
GOF,51895263.99
VREX,39400000
MSC,110716115
SGH,24260714.01
CHI,70923815.02
SILV,144863000
IAG,476700000
PFC,37179134.01
VECO,50348803.99
KAMN,27836726.01
EBSB,52612938
NKTX,32906550.01
MATW,31612671
ACEL,93842962.02
RC,71231487.01
EVLV,144157228
KARO,30951105.99
SKYT,39059743.02
CCF,9449248.001
ENTA,20214850
CCXI,69903505.02
UMH,47432834
TGLS,47674773.01
AOD,105430999
FGEN,92621941.02
AMSF,19364054.01
BMA,63941340
HZO,21745395
DFIN,33606833.01
APOG,25526814.01
FFWM,44819742.99
HCC,51410275
NTGR,30543590.01
GAM,24181874
WFRD,70120241.98
AGRO,116305158
CERS,171626791.1
HGEN,59406525.01
CENX,90129117.98
GHRS,50520850
COWN,29015731.01
BFS,23600000
OEC,60487117.01
AWF,86229676.96
ANGO,38444075.99
ARQT,50241789.01
AUDC,32721579.99
CEVA,22944590.99
VEI,75259256
DMTK,29610337.01
PRPB,108500000
ATEN,76808907.03
FAX,247695769
EVOP,41474273
IESC,20856736
TNGX,87474258.03
SCVL,28346414
PHAT,31356465.01
MNRL,56786552
AGM,10765675
ATEX,18116429.99
FNKO,50448352
VIEW,217076712
ALTM,16246460
ZUMZ,25781020.99
IGR,116590494
RPT,81173402.02
CPUH,107812500.1
NOG,66172097.01
FFC,45087226.99
OMP,48627680
FREY,116440191
KRNY,78965000
JPC,103355149
INVA,69494581.97
THQ,41340446.01
MYI,68150680.98
GEL,122579218.1
STKL,107228522
ARLP,127195219
MNMD,368538724.2
FOR,49527107.99
NESR,91119217.98
VET,161893000
ANDE,33282749.01
NEXA,132438611
AIV,149662549.1
REVG,64741896.01
RBCAA,20398859.99
SFL,126257098
MBIN,28783599.01
ISEE,104009398
PLBY,40794096
DENN,64199997.98
THRY,33865449
MMAT,279368322
MGIC,49035054.99
TRVG,357822266
NGMS,24983855.01
NTST,39525977.99
AFIN,117819839
BOMN,29576115
CMBM,26508999
CRHC,103500000
HA,51208287.99
AXL,114047028
GNOG,46570396
BJRI,23296371.99
HUT,143274237
KYN,126447554
